ID,price
0,134.80912958728754
1,72.04573292701548
2,116.05145664882491
3,8.10436444514454
4,113.49555986118963
5,278.593439820323
6,106.69421591754633
7,-19.133354065950016
8,9.489292907419895
9,337.111743036179
10,57.44419512022688
11,101.32119575462411
12,18.583099660183393
13,25.89682955111732
14,84.76953788705038
15,67.55157677482265
16,71.21074985727836
17,-2.965036774524492
18,214.4596229731602
19,56.455961876831225
20,81.18708869222945
21,59.185653597872545
22,108.05816189654598
23,297.1107150497266
24,106.79327610605526
25,118.82007815718725
26,48.401405018949106
27,-6.608982077092605
28,309.5964539356257
29,52.64550979168189
30,321.9631077540566
31,156.1004416213575
32,42.68383288609226
33,19.916335531388142
34,205.69841683902695
35,280.7619293153088
36,37.80910858296272
37,66.8315186213859
38,6.795882481559829
39,427.4735015931996
40,-15.879026827354835
41,226.63664854006043
42,165.54469820924294
43,89.81751936034289
44,153.71833436024076
45,79.1676137362441
46,50.93846708053127
47,62.441552443883495
48,49.11376590391097
49,162.6258265879123
50,53.63612335679119
51,200.48140654578884
52,114.74672079955496
53,-29.56582435787641
54,50.39587078206688
55,156.94252267956222
56,275.4025445889453
57,143.32602623562167
58,122.55603353646569
59,109.59935780052035
60,-1.072181186809587
61,184.83986109329408
62,272.2152077321031
63,53.24630147159081
64,277.65561345380837
65,-4.215513214827638
66,58.0956553297944
67,85.6363948996904
68,194.4947571339697
69,147.4694473874644
70,131.30450817321298
71,74.04613390927511
72,98.50675216866512
73,19.00277375775954
74,84.25524918714876
75,208.2445076512247
76,93.43644436337837
77,167.4949046679218
78,43.887813865050475
79,82.32820949129285
80,297.0556816116661
81,214.76883241065053
82,79.4767022444774
83,74.16934574174428
84,106.6264136005592
85,90.18190220469995
86,103.70055807439002
87,250.04320495362407
88,17.964810097915404
89,106.56511790886111
90,60.33714375516956
91,104.04577625872753
92,50.52239900223668
93,350.4889327512645
94,54.81850168409028
95,66.0372601268765
96,51.905802038329
97,78.12230843314455
98,349.8182312867768
99,-39.641168035351086
100,269.66516226901996
101,80.54406544437148
102,166.263073214862
103,230.97340797255055
104,264.0577088397144
105,83.45847408916512
106,86.78615130364261
107,331.55148574024514
108,87.96502323648537
109,305.9821518262359
110,57.907004407353554
111,82.75287840573912
112,100.86341155476788
113,77.34391817347779
114,243.81009530887235
115,60.480411908922235
116,-18.56839116065197
117,157.87361249040413
118,189.51212295175918
119,45.428487538776096
120,48.86564380986215
121,106.41922511794178
122,99.73191471420313
123,106.21709963029531
124,31.88853257530991
125,24.176086348188903
126,96.28487288966136
127,67.87674319347497
128,56.0461531431655
129,63.84234307156305
130,184.963462409788
131,-59.506619305686
132,98.01522498692594
133,67.55185415351485
134,50.5067228107892
135,239.86353445233698
136,153.50581558390104
137,48.958100540658165
138,332.01310752417413
139,50.52940325798983
140,150.73188029125373
141,-39.604479076644054
142,46.21111078490998
143,577.2833910575393
144,108.97834672429099
145,55.996615608281786
146,124.29828522791877
147,91.62919164470134
148,44.441072368048424
149,90.58101063403086
150,155.3127296394465
151,68.36790001865376
152,69.84555508425251
153,303.583530178618
154,326.1131835817619
155,49.32566921791994
156,88.28606943453036
157,124.22884492412601
158,85.06286470114577
159,168.46149462034907
160,55.698298198081886
161,52.01984475543975
162,36.747127315337934
163,84.9947014461406
164,-13.413265338432325
165,59.61571317249508
166,277.6986404450558
167,58.22090715070664
168,52.02651547520463
169,-9.309373142453012
170,73.1023775962691
171,70.1246507353822
172,55.305883517100256
173,194.20311534079445
174,57.54095710508568
175,119.7159191787116
176,-79.73667345471057
177,294.0342806835437
178,37.22446410681772
179,269.64972845309336
180,42.579450592688886
181,63.11800744416229
182,50.97753745546669
183,91.35345666922188
184,119.98809491545273
185,102.3778207621321
186,40.826981817105604
187,50.52906972200168
188,6.795882481559829
189,45.680784829465836
190,367.7845638307237
191,100.00921908262796
192,54.706157350006094
193,93.12900029389095
194,56.61275651921693
195,63.7330836722802
196,240.054023688016
197,156.6369794495963
198,87.33615815806559
199,61.744439734238995
200,77.1813550910918
201,55.56744577129183
202,66.49793332368887
203,167.30885120698508
204,114.24644447583529
205,55.24058891247057
206,-28.73944455386078
207,73.36140292493343
208,149.30535104557737
209,36.295226490057075
210,12.776276893432453
211,76.49703287505633
212,-23.573985127141157
213,112.52368783162439
214,34.124702320517144
215,119.8462458523594
216,74.15353249749023
217,111.03583394843429
218,52.170663903193315
219,92.22358496732693
220,60.538780706865225
221,74.20118250466038
222,-61.44987928576646
223,60.75092464742801
224,65.1178347109846
225,231.27100400752965
226,155.84928427055445
227,463.3638547532698
228,55.73965752641743
229,235.37759550736388
230,277.41731219767183
231,230.4606621202172
232,48.490750244912135
233,49.9409664944576
234,50.921790281119
235,54.87844495746151
236,-29.871339855814085
237,84.80689391773382
238,110.70430133991658
239,24.98457275869538
240,193.0119588201806
241,126.36424030517594
242,54.41913398057835
243,65.06627174508043
244,112.18584542056624
245,44.36697084607778
246,12.05308401760459
247,52.10717984183543
248,92.29963117264685
249,44.728593795268864
250,99.60744454828523
251,-1.1258901753668056
252,248.530479170359
253,24.589331132853204
254,463.6381221928298
255,55.67328299896343
256,219.53562504306723
257,116.61535102954713
258,95.68275335229959
259,53.434862256696306
260,113.51985990986196
261,150.79248397564805
262,191.6274219914236
263,121.88361168129694
264,74.11751061075972
265,87.5132049310285
266,55.26470384985112
267,138.09189519509454
268,167.33653469400952
269,29.747884359472323
270,225.64308240207754
271,66.04826681448867
272,239.90776665956167
273,104.74721798627485
274,14.84006420715076
275,50.50738988276561
276,94.25127152052704
277,340.5491800286265
278,136.6722449852988
279,131.52948108099775
280,75.76021828213027
281,23.989321702573136
282,132.04299542777147
283,65.13384443842045
284,142.706353294454
285,56.43475367445126
286,191.94540569237267
287,94.6415125474013
288,105.73087585880324
289,62.47467221658894
290,55.26470384985112
291,380.7553780410619
292,81.2416299677077
293,120.04378704603704
294,-97.33039456548312
295,83.95526850596332
296,51.83405046374236
297,57.494343165369514
298,72.75452499815759
299,121.05335101506614
300,291.3453972088386
301,89.40788193387539
302,53.94819228215232
303,49.28731257927171
304,59.91470657677968
305,70.18802257314888
306,35.18679153234393
307,64.61974635344757
308,657.0913384273113
309,124.13640283753529
310,42.75102957044879
311,42.45236422919146
312,92.52340615478079
313,167.51025983470896
314,114.76286552485499
315,117.34471049595828
316,301.1956961661196
317,59.27786834612465
318,113.02166960385563
319,51.047309036883064
320,70.9756196459515
321,70.49905446839512
322,31.401360460814203
323,113.32746185600888
324,106.67793816024067
325,243.0976596952434
326,-18.06670331704902
327,285.6932871820647
328,100.00921908262796
329,56.35450029405149
330,182.2485249558045
331,101.92325495024164
332,73.5132891621642
333,84.9683521030691
334,92.47816647734271
335,88.61788657172599
336,87.55036326624798
337,14.705351939091258
338,28.538275172257727
339,65.14718587795022
340,217.63069978441553
341,373.268260184534
342,84.27602477821313
343,208.95983712693902
344,111.83743800298424
345,669.8916686970147
346,348.11973458559265
347,38.30268475034649
348,74.54980143355846
349,79.46579571378197
350,223.20301779708996
351,193.54090347675339
352,67.17618326877908
353,128.7634638137373
354,122.71232507218537
355,41.558036033375345
356,62.199739040622035
357,166.9556334424392
358,286.3871443507384
359,210.5323433797853
360,212.63839846411014
361,59.35926813708039
362,83.56901426418705
363,110.38409691996077
364,63.7224105206563
365,109.61416646786137
366,75.83026841267053
367,70.58887050949585
368,40.50546897318759
369,5.992280054743389
370,34.07744817694743
371,80.51231464313327
372,49.65344506723716
373,3.2168291949539025
374,251.01708667162148
375,462.931950523656
376,288.51840848380374
377,115.0448423778081
378,37.506917389583066
379,261.50017130393366
380,-31.7479542128508
381,56.327631619994804
382,71.14628761092723
383,44.598806587220906
384,66.25219326549944
385,86.8353931528813
386,67.91474820048205
387,82.23939572622237
388,218.89998199512206
389,92.98113762431382
390,112.43820002946569
391,111.98603770186145
392,126.38000071000391
393,64.44644277442751
394,233.31625598088914
395,45.748216980750556
396,91.80819542796036
397,188.66594872325203
398,70.49281214488104
399,234.35633510917597
400,72.27974305656136
401,55.345065580057565
402,211.44321530759674
403,223.11580759416898
404,128.12229148379964
405,75.7912371290372
406,62.702262249805244
407,32.866391822470405
408,52.70293550663598
409,111.03583394843429
410,42.772188121094416
411,53.33915625283322
412,-194.9419567682002
413,50.39086774224319
414,271.4430559534174
415,73.55212899944917
416,14.309188624830142
417,62.09822461874552
418,11.273194578636264
419,70.06368307287954
420,90.09351516781481
421,81.162073493111
422,233.7243907373251
423,114.84100940523496
424,480.90234188831886
425,88.11236019248639
426,240.8736158439222
427,31.953415079612114
428,75.90262973582452
429,79.95861539760068
430,107.44103174296777
431,59.686116548868085
432,56.399527652464656
433,109.2046349683543
434,193.85936686979505
435,-15.931133476961236
436,72.35676925953521
437,51.319341967996024
438,133.3785648920865
439,93.5638287775738
440,180.7773964897478
441,339.43438244210523
442,62.355417832667115
443,45.91975656797359
444,380.5063047841796
445,98.86184193647506
446,165.4689629703609
447,48.87231452962715
448,42.29408028755313
449,108.02751712470996
450,81.98423853375903
451,101.02521719884777
452,103.13081888100379
453,267.09728725547876
454,94.6408454754249
455,85.28667492473937
456,43.626441466955896
457,5.542701805338197
458,68.25160944823023
459,74.31291706072267
460,-77.43479821375803
461,-28.718376935847743
462,108.11003900381644
463,91.43605219837434
464,28.339726461548537
465,115.07228915844627
466,103.89835528449174
467,100.46945323364582
468,62.702262249805244
469,18.583099660183393
470,91.27890472853124
471,66.29521940798321
472,328.8163213865142
473,282.01211282433263
474,49.9696505894467
475,55.77833733959881
476,79.63876581709627
477,90.3143680114128
478,77.48711271720617
479,69.07390421943592
480,248.4020758450411
481,110.71297327561092
482,50.39086774224319
483,297.97202119889647
484,24.51028310363904
485,71.20908217733717
486,311.42262219018306
487,86.47749975992951
488,87.85748458563313
489,65.9621577483631
490,-24.94465312271069
491,241.3702797119808
492,71.80883519369132
493,118.90709373960448
494,352.4944355527604
495,24.131995714326592
496,297.062352331431
497,82.2804223201901
498,95.65170619629555
499,-20.28929749771953
500,40.555066610629694
501,66.24051950591087
502,104.4012516395988
503,75.50409373037758
504,174.5610767139636
505,85.0297834890959
506,81.03279964254818
507,259.16440931231926
508,29.21047210752357
509,-201.969292660449
510,109.1623396827328
511,94.78708527450203
512,85.86301119617866
513,58.55539960737076
514,82.86927266974408
515,118.53177533731503
516,178.93444088343074
517,-72.77483085216659
518,59.585361397564725
519,34.57435547706683
520,165.45467804070523
521,53.574467083397224
522,122.48881076583274
523,57.4738281059885
524,37.60749732739845
525,72.01905004795583
526,75.8289266957089
527,32.407200715596275
528,149.42550248093875
529,71.73623696755232
530,197.13979498882134
531,198.49179236327882
532,111.92433354403607
533,33.472237809071146
534,196.72027358973077
535,37.44023658459275
536,251.60544383823918
537,106.88961954858178
538,306.11005250972306
539,67.26676115799893
540,151.44071781697335
541,-9.609966204575699
542,157.37036189312818
543,131.02335605508085
544,102.88885867100879
545,81.19209173205314
546,-31.334533196186953
547,262.16629845595213
548,0.2559735937621781
549,34.6612800620033
550,286.2937737145398
551,71.80383215386763
552,115.52473101968326
553,177.46212242350077
554,71.25444307173854
555,71.68707057330329
556,117.76032350539919
557,-86.45140193001919
558,197.9703032600441
559,66.98756053109435
560,47.5330610338587
561,116.01977072994157
562,170.42075691390903
563,114.81232531024574
564,103.55202120696691
565,178.31453285079084
566,57.46098956654498
567,-19.133354065950016
568,59.22177705526758
569,43.12641167376489
570,238.66374482578584
571,51.47586297049776
572,248.98838939997876
573,110.65126911778555
574,87.7206861152165
575,220.02264139564272
576,437.7888560400867
577,66.17721347353063
578,213.2864420064153
579,49.94768235352899
580,75.86061261459224
581,145.30124951586282
582,125.39555646950072
583,77.366504822384
584,220.0143836534533
585,51.016206311798385
586,55.236151466972444
587,109.1906264568479
588,97.13833442702781
589,151.01328493381249
590,88.19429586665404
591,117.71596321896249
592,103.69300053160612
593,60.49336036753414
594,117.49847818723856
595,93.14259915773408
596,41.63023505339589
597,101.77662237390194
598,155.9968609277076
599,82.62666696618624
600,18.147875658487976
601,22.137808650510863
602,90.8453387490548
603,-15.523828961018921
604,111.09606748282658
605,75.83426327152085
606,64.62059071577386
607,122.35775785172353
608,47.90823429017695
609,301.94712093558695
610,86.04325386437938
611,100.93750209234577
612,248.74102342425937
613,162.20172233854868
614,81.48278442944616
615,-8.1743475159617
616,7.294603903521931
617,52.06388609844771
618,-27.595630055272352
619,110.64159657412631
620,42.209059201677746
621,157.49825938416893
622,80.33176063302363
623,80.151587982737
624,65.52188145425947
625,13.19621468080959
626,116.28726858339456
627,278.51214035624054
628,117.64258530154854
629,104.25824013311535
630,40.92342148268801
631,77.26989640699037
632,11.574190674400143
633,103.61195128646239
634,278.67235571533473
635,45.07470251800771
636,460.7165911783406
637,73.82857379755882
638,249.9067343616693
639,38.50809269686238
640,33.96895574217234
641,201.54422620274033
642,26.596468336621626
643,115.61830459276865
644,122.73419840560445
645,154.21471223730697
646,67.5017790459479
647,161.8176115522984
648,66.8080293481554
649,242.73941399565882
650,66.16047086873192
651,52.873203133545246
652,63.8201773396342
653,428.093252671437
654,287.7370468184742
655,23.46898108984476
656,67.0552683367082
657,132.4705041049716
658,269.03377598477954
659,76.89757866053935
660,63.7224105206563
661,13.147121283046147
662,3.049867856375897
663,131.8211939955881
664,420.6589105087343
665,117.75265217766952
666,74.08866944583326
667,337.4868656745129
668,232.005862206939
669,118.8002623263746
670,52.223601668237905
671,281.0527185987341
672,196.3132307379284
673,100.00354897082786
674,61.21351244367054
675,132.4705041049716
676,138.33744754181555
677,331.19530284916
678,129.58849387997503
679,85.89197185941225
680,88.50418514425508
681,43.615118246008876
682,221.84449735566005
683,96.16532528226202
684,88.62737736068658
685,54.48292573953489
686,58.96898887444945
687,509.22207923063587
688,9.422585711562533
689,-10.966814491346042
690,90.11052550321534
691,55.14823034697628
692,135.7812995644856
693,103.12750038002793
694,245.51501047905657
695,30.762169958218692
696,149.91617654323392
697,78.64882122147742
698,49.71870164863162
699,253.48988694216695
700,247.88532881069676
701,45.336678105138446
702,232.13697541640357
703,173.7636237537705
704,37.353054911076356
705,168.41767689393578
706,85.42312238155097
707,264.5789299447877
708,278.18936426563624
709,59.46973236016652
710,421.8606051785818
711,-22.126329697168103
712,-13.40989931755945
713,78.61079810354045
714,111.37021513661176
715,279.95875624288277
716,21.06740817815239
717,5.5112712206924925
718,107.98909741567178
719,79.8238711665582
720,60.500424068217
721,131.6983173464459
722,246.62044363440572
723,-63.00089186169066
724,95.97649984243651
725,278.33948414057414
726,110.86952023422828
727,59.65540395509629
728,110.50484681894568
729,170.9974451559661
730,10.433190350550149
731,18.583099660183393
732,102.63004484680266
733,195.31645801256587
734,99.94351664069501
735,59.206767935796506
736,113.35923750623311
737,63.72886662271884
738,53.80411726574971
739,137.135449995378
740,196.10373951071654
741,-14.129676163533077
742,297.9288814873847
743,203.65809303748466
744,137.68715902161443
745,114.83522314552755
746,197.50502573493986
747,391.32814896597716
748,56.2879888922522
749,-13.579286084912098
750,60.50542710804069
751,126.52321086588927
752,210.83731205085428
753,236.49374152753097
754,183.59528639807644
755,110.11875442218457
756,256.53501407551056
757,142.87887778464966
758,66.60608658008533
759,337.2176969472418
760,81.49197487568324
761,295.69885455299146
762,128.1664801948803
763,71.01039446476273
764,322.9942976691478
765,30.89185307414283
766,89.20493943055828
767,81.1003693352855
768,36.79900964411996
769,-41.000785397871084
770,16.241084903270234
771,54.84327908345648
772,81.26599552639328
773,65.10516034343124
774,130.90749073919875
775,72.83768771173669
776,83.26208516582238
777,118.70130004397686
778,29.96070406041764
779,183.96739805198564
780,75.73445613910388
781,81.16707653293469
782,79.09658466011012
783,62.695008936107854
784,152.24641028918325
785,542.2760192504966
786,1.5081921391558808
787,296.5090904153346
788,51.01038087950582
789,328.6595024019039
790,92.75403171459067
791,132.5980108248899
792,60.277062929604824
793,62.27429427096229
794,65.1178347109846
795,64.66120895706342
796,157.82591684408504
797,57.46098956654498
798,118.19823936115165
799,52.873203133545246
800,276.33079361282006
801,-48.53194108029146
802,59.364936242969634
803,71.22409129680824
804,73.79742344802241
805,103.07806008175646
806,104.30966241590829
807,132.65387767235137
808,67.56853095292723
809,73.11071599597517
810,352.6808706608784
811,26.291036725819538
812,60.642156420260676
813,31.3271535888627
814,418.3160232329805
815,171.85558595541534
816,253.35049259648343
817,60.480411908922235
818,248.06011153781532
819,78.05642761982364
820,71.73352156646627
821,36.747127315337934
822,109.95246210370993
823,97.91728386407743
824,235.82456476189395
825,57.64157466349428
826,110.86204427294052
827,332.16610846104044
828,41.338283381634255
829,-18.134982181534497
830,42.3588110450026
831,47.64496883498282
832,88.71282082751844
833,0.919376157590591
834,192.29375537169847
835,60.47986774825364
836,61.53690899296362
837,202.8106582146582
838,61.016234249676245
839,207.37026953190525
840,19.606860143821507
841,95.97040195511994
842,15.059863372199516
843,19.903629098127396
844,-119.92632655221689
845,83.96397657086499
846,210.91174267257048
847,12.12212596421972
848,129.71077107550724
849,269.07483679031094
850,135.01711080942954
851,93.21531080721809
852,133.69731139452318
853,-34.86544795867479
854,51.5575792876179
855,45.228432996162724
856,69.33187337999186
857,109.66140560654418
858,58.22290836663609
859,48.33847894212971
860,112.07411086450395
861,15.507822617913916
862,196.49456609946202
863,157.19303654490267
864,219.22545456498284
865,50.865067498723306
866,71.62783777137241
867,97.9126919251525
868,106.67753911813395
869,67.81228824978291
870,66.012614607822
871,112.77406278080906
872,85.72671347997544
873,20.3118221995137
874,48.73165440586985
875,83.96397657086499
876,67.44269900634913
877,85.5436718949581
878,139.475432401967
879,53.696383903193066
880,131.55829633210993
881,151.05805283010142
882,84.24711236975145
883,59.37827968841037
884,94.6408454754249
885,61.089756521860465
886,69.73752080147148
887,159.22339259005327
888,90.13800241526155
889,283.045409974409
890,70.44188380736477
891,158.78978836915059
892,260.8019549254231
893,212.45929186838447
894,67.04889476427428
895,-38.118345402972466
896,141.0299044761136
897,250.74680842663741
898,93.4247706037898
899,94.13027798909582
900,85.4884954352471
901,72.53554163918437
902,73.90057423013553
903,646.2871517481874
904,71.18973709001892
905,-7.813622000473913
906,132.71332174667958
907,41.65550371915003
908,92.67045703992653
909,71.66705841400852
910,81.19542709193553
911,84.7307517617312
912,23.022150660332272
913,115.66990177522888
914,59.37827968841037
915,79.02034278362044
916,94.275544485833
917,81.14039365387504
918,107.78988429742469
919,-25.381877871829033
920,202.1116770871787
921,297.07256384035185
922,78.64750451413641
923,138.6225886364553
924,155.22735642779134
925,140.94032842850504
926,42.68383288609226
927,40.046910797381884
928,162.02437074104057
929,78.55709882598967
930,160.68369848674547
931,75.17437834672427
932,137.43006145323653
933,-11.078691466766202
934,53.487258147393504
935,140.03495242656714
936,114.97797654849666
937,81.31000483539242
938,52.044526418569944
939,84.25524918714876
940,208.40421311096003
941,66.25219326549944
942,74.10473226787582
943,81.1570704532873
944,83.45847408916512
945,79.96341657222382
946,99.86199374961888
947,126.425351761856
948,105.03738141027327
949,128.10919973992208
950,98.27837507078766
951,317.41061378615774
952,108.10623161793598
953,97.36841721503106
954,63.47538171928534
955,74.311034765349
956,158.90369534269655
957,164.62003282481209
958,119.29581352630453
959,507.90121762283826
960,63.781565308861616
961,30.31326606378849
962,80.9121081414952
963,109.30420826847688
964,105.80320258016951
965,91.62418860487765
966,72.21637121879468
967,127.88221166596873
968,-10.247976996088767
969,49.23164285608948
970,71.21368934630442
971,-41.04651884558592
972,59.88444924453643
973,72.42440910609452
974,72.17009959422717
975,20.42636965163308
976,78.20519734004506
977,65.85162132326167
978,62.30951435953705
979,37.031677190127596
980,116.28760211938283
981,78.14270523362029
982,76.2263676133249
983,344.4398976895606
984,74.29985082099955
985,204.06371794143797
986,78.63214441982603
987,73.05278161933114
988,106.46641083757447
989,512.0389509739127
990,310.1567940523848
991,122.99804185116153
992,287.683903476882
993,82.61566027857418
994,54.08444904106881
995,310.3407690410358
996,145.52382779895896
997,450.63632591371487
998,34.07133741859889
999,110.5678851207241
1000,537.4600760173003
1001,51.121656803052645
1002,284.12106353650114
1003,78.17017606127934
1004,85.41073424358234
1005,87.8790429123232
1006,157.8980796613195
1007,74.76361766376954
1008,80.01166272740522
1009,31.04485593175076
1010,101.72309477496418
1011,317.4779854029319
1012,240.35935602388503
1013,63.781565308861616
1014,93.35414251280508
1015,53.574467083397224
1016,73.47466427883768
1017,7.785158911719236
1018,496.9521912551747
1019,278.1456810380045
1020,58.58174895044215
1021,68.81253320879296
1022,94.21961273346147
1023,-58.2457764197909
1024,65.51812520787934
1025,76.6255873286579
1026,-19.200061263599196
1027,-33.48423972587568
1028,50.498415197937845
1029,152.1466428803626
1030,63.72886662271884
1031,140.60879034851718
1032,44.16001288720679
1033,9.430924109476905
1034,-68.09580641301397
1035,53.71346493624998
1036,296.82387409983545
1037,66.74136475332489
1038,57.280366052074044
1039,195.751954553252
1040,74.31291706072267
1041,2.5889275724512686
1042,74.05353771156734
1043,28.041021636257028
1044,101.07117775805563
1045,166.1238820927867
1046,252.80356300263037
1047,78.5590202184685
1048,52.82950991908507
1049,108.54976413494495
1050,49.10884277490089
1051,47.74460373621491
1052,207.72077658825924
1053,45.351910865456546
1054,158.9196501126882
1055,82.65963787737854
1056,28.755024078971985
1057,91.14259217093138
1058,12.18883316482055
1059,110.56230867463086
1060,116.24257476096972
1061,5.143499664156138
1062,61.44319401125455
1063,25.627297786765098
1064,84.25524918714876
1065,46.707411259777416
1066,77.00401071125816
1067,71.81523989739202
1068,53.461458671187074
1069,79.20729438073954
1070,83.96397657086499
1071,71.13528020308644
1072,98.8185100062064
1073,87.20856437694817
1074,54.42292630014771
1075,104.24895886604759
1076,105.73958480261933
1077,226.12137088810113
1078,228.38711730305312
1079,87.59875396523773
1080,293.6196653679746
1081,175.0809887961954
1082,267.9597988058312
1083,418.3160232329805
1084,126.62068735074416
1085,83.35146047056185
1086,63.33909146958979
1087,79.0589651290694
1088,238.55726982139225
1089,232.71510758249627
1090,77.36150178256031
1091,60.96143960907307
1092,63.30163696096628
1093,145.58421287912364
1094,200.06248161585876
1095,174.61647323659201
1096,-11.31959021846751
1097,118.85932724516005
1098,-1.335879223202653
1099,139.9632537272126
1100,138.5624018440035
1101,117.28818961231923
1102,276.9861509428127
1103,365.2979266236709
1104,13.1754352765426
1105,9.384300120320006
1106,230.0574463514248
1107,1125.0040564074243
1108,259.38622351892917
1109,59.41263389519969
1110,102.88416526761563
1111,72.70355425071483
1112,257.33719315932643
1113,159.8419705426864
1114,109.06221510137334
1115,9.013783060638445
1116,129.46336154733734
1117,81.17170355301505
1118,280.6062000336744
1119,38.18584935860014
1120,18.583099660183393
1121,11.022121619445898
1122,339.0623677594951
1123,73.5127693271134
1124,7.138334783622668
1125,73.18516254333872
1126,84.22105602142227
1127,263.5679421680507
1128,76.89857926850414
1129,104.13980488047952
1130,117.80268257590643
1131,75.83359619954433
1132,82.24039800160057
1133,24.239698666609797
1134,3.4013904143370723
1135,48.7098879267171
1136,92.90855654366868
1137,83.48048746438934
1138,54.80948670254253
1139,43.92959095617988
1140,110.66794591719781
1141,118.9487857381352
1142,59.02665364088631
1143,82.42763728625852
1144,67.1497909215372
1145,147.44142154633914
1146,46.80505233060637
1147,102.42193317271926
1148,97.55494744453796
1149,92.43078938614786
1150,73.30470180693163
1151,19.4620665123021
1152,52.222119783293635
1153,491.70445228124066
1154,62.76852145838075
1155,62.69367479215481
1156,278.2914549582668
1157,187.3680706614211
1158,-18.359833869030354
1159,109.13886023287307
1160,209.05601639837187
1161,64.82885658297118
1162,114.02043636303478
1163,99.1000143802857
1164,54.745215665304556
1165,58.22591019053033
1166,42.42051474975534
1167,77.69805911927324
1168,70.13799217491197
1169,53.928180122857555
1170,311.43598388062
1171,31.135917414551102
1172,90.30515039967435
1173,282.92074086588985
1174,52.09322267285381
1175,282.6604643017269
1176,60.413133401466496
1177,40.48712449383413
1178,113.74943680809992
1179,21.624827435771124
1180,2.7005475852172935
1181,40.51981102068214
1182,122.70751551610596
1183,149.64801758513875
1184,113.11008470539099
1185,112.18774868777626
1186,116.06597360064535
1187,111.04355780574127
1188,139.087016795125
1189,138.5772578409846
1190,14.737037857974599
1191,87.13804949465595
1192,49.64059519350775
1193,30.041025191208064
1194,48.30506854363722
1195,-40.522274985847105
1196,71.86193493574643
1197,43.96173593050105
1198,31.44319492972079
1199,84.98669658242267
1200,148.07308365349417
1201,73.46646676123083
1202,85.17518777562697
1203,56.176451810131994
1204,144.7472178647505
1205,-35.821762050000046
1206,70.57286078205999
1207,56.8661434493593
1208,129.64686267791802
1209,153.75235503104182
1210,10.346948725893299
1211,69.65470750829166
1212,71.12027108361548
1213,83.22980686711924
1214,167.3038481671614
1215,90.09351516781481
1216,238.2307422884757
1217,23.87011487359638
1218,16.955167486029097
1219,69.62739784659891
1220,76.99663884904828
1221,231.8584728662185
1222,234.85439972446324
1223,28.44517127579519
1224,53.27965507041546
1225,59.49840500640454
1226,210.6856408746055
1227,116.07634978178555
1228,71.21074985727836
1229,222.64057014998104
1230,261.89949749123633
1231,165.04834341613883
1232,196.2212260335155
1233,30.829398669672344
1234,-2.9757099261483972
1235,106.78119693577975
1236,112.01138643696817
1237,82.04587208361107
1238,210.47862567742396
1239,69.05125603010657
1240,96.92514012010929
1241,91.09460629847695
1242,82.62433221426852
1243,70.8856817141795
1244,67.19933831249142
1245,121.37065468212722
1246,103.95195143347883
1247,139.5386321822898
1248,318.1270123524486
1249,37.035012550010094
1250,330.5801977634712
1251,110.00304846230148
1252,211.53629096659301
1253,45.89212605740835
1254,82.32112506579705
1255,42.01537957327349
1256,232.50570055477323
1257,27.38630159316108
1258,76.99697238503654
1259,83.46895346771339
1260,56.03418884240341
1261,-42.01994514999939
1262,97.07755937408791
1263,343.3398933418351
1264,242.25939083255474
1265,288.3782752619358
1266,86.1244187365366
1267,71.98122834708153
1268,318.3564608013027
1269,113.41981980821868
1270,238.45482375251294
1271,103.71243058022253
1272,64.94025760304521
1273,-47.53992822991455
1274,48.835959106908376
1275,129.28628362130343
1276,-84.971760076643
1277,63.35224675869597
1278,-97.3083811902589
1279,81.6514946484046
1280,56.2801217686727
1281,78.42534237787783
1282,83.47284182112202
1283,78.67050106071338
1284,50.87967737364363
1285,18.595419019195674
1286,50.57748669873126
1287,151.91651341068604
1288,39.82675249484498
1289,-18.54728973730039
1290,77.50914352776255
1291,-19.200061263599196
1292,99.74492261774475
1293,80.85132972464976
1294,354.7208030786548
1295,294.15630074436643
1296,97.30765114040656
1297,38.925656285416665
1298,245.20557770053728
1299,83.69132159182112
1300,139.0716741396658
1301,-26.872977185494392
1302,39.402851188309626
1303,55.20466737196682
1304,414.01979917503894
1305,55.09004102024659
1306,88.6518507597861
1307,71.51683405868624
1308,234.97196251825955
1309,62.69068701594557
1310,255.02493498497796
1311,49.44382366269764
1312,130.02272960402064
1313,40.98722215697933
1314,102.15607752433596
1315,59.24785010718256
1316,56.38251731706413
1317,149.62551904277416
1318,96.98117416613456
1319,99.79495301598155
1320,68.61172438868505
1321,-11.540824595800245
1322,115.21378918423363
1323,-53.93625003375689
1324,56.193958703618875
1325,247.84077048092007
1326,67.5251712744552
1327,69.91606335157627
1328,111.79663435991245
1329,115.1394079668076
1330,344.63100178379085
1331,89.62812211640471
1332,390.151712806331
1333,93.37707495747071
1334,-8.797845870744993
1335,51.37060416662928
1336,-0.5393557317003683
1337,121.5994921474408
1338,75.95442676872051
1339,45.72393356206379
1340,54.83663707131171
1341,34.016760104420996
1342,77.81999775997696
1343,56.3815167090994
1344,97.74555763372791
1345,52.25501474960282
1346,55.06153806940773
1347,81.32601456766554
1348,58.4237372992547
1349,234.71517788591734
1350,214.56187926775664
1351,67.53851271398509
1352,89.10921460193174
1353,-28.73944455386078
1354,129.64900787010197
1355,108.97905046365673
1356,132.985854583714
1357,89.12251988103765
1358,53.71825953661249
1359,-0.9955676269817673
1360,121.88280315902534
1361,-91.50388311421997
1362,52.19833348202707
1363,82.22501286238617
1364,356.9141339677166
1365,157.6636058799079
1366,106.711559788935
1367,117.37139337501793
1368,74.31291706072267
1369,64.99747573272839
1370,79.30017550160926
1371,59.89111996430131
1372,31.522068490594734
1373,124.25285951527968
1374,126.5033193360673
1375,210.3716825710099
1376,197.93413094486266
1377,9.011448308720674
1378,-4.224689761568925
1379,137.95804661886746
1380,96.46248712783
1381,-39.56779011793702
1382,126.82989841432311
1383,53.193526980547574
1384,75.8523680277047
1385,81.17207957275838
1386,35.269174921440595
1387,63.7224105206563
1388,53.4948987345806
1389,76.91425545995162
1390,30.074218302321924
1391,77.55715527345797
1392,48.595079926443475
1393,280.4964067806566
1394,364.1183268975696
1395,55.17544791711174
1396,94.20917262975081
1397,109.18962584888322
1398,54.97649892292452
1399,507.301151817841
1400,268.3375183805135
1401,95.14261754902566
1402,314.745490152317
1403,294.5345846659122
1404,225.64837575224527
1405,43.69211736195717
1406,87.71590378142423
1407,80.13128599927825
1408,20.28763130337751
1409,41.09144606303687
1410,115.21378918423363
1411,-67.70776822669046
1412,170.2072122470846
1413,42.5882621446699
1414,302.47145987778316
1415,77.14435019246667
1416,144.1220909158563
1417,418.3160232329805
1418,139.0716741396658
1419,123.57990632960542
1420,-109.98088374835777
1421,199.14227142435476
1422,267.54521056815173
1423,118.76260180856883
1424,44.998649996787606
1425,36.907868309820685
1426,72.7316136836539
1427,107.43593148251034
1428,71.16105299502982
1429,123.3367157955164
1430,91.5801618544292
1431,761.4320544089453
1432,157.73422328428154
1433,171.95237720297604
1434,25.012589781708016
1435,60.49208566851081
1436,158.0998046988799
1437,65.09382011983092
1438,41.46491336187421
1439,87.35336169844652
1440,77.05504524243867
1441,99.9761990197917
1442,83.3921004275042
1443,22.77804238567876
1444,88.45677662464209
1445,73.29781478722936
1446,276.7370012888852
1447,217.39003512692364
1448,211.7468515139994
1449,101.58782091778988
1450,11.510490985281535
1451,28.63820232005378
1452,56.79496718592492
1453,225.7872295748263
1454,22.77804238567876
1455,162.76002852960437
1456,104.3819002971166
1457,30.039357511266815
1458,305.0493954730952
1459,95.99656657769236
1460,33.773031606168786
1461,113.98831538031055
1462,84.3447333020489
1463,82.00084472519785
1464,29.704712658816618
1465,26.387375127173698
1466,77.00434424724642
1467,206.2127395796996
1468,9.021454388368056
1469,7.468807195306681
1470,75.28684179494371
1471,189.90450649679042
1472,95.68539306236858
1473,-19.200061263599196
1474,75.38972749056711
1475,189.16058450537605
1476,178.90017122379567
1477,149.86899724490712
1478,67.56472012687118
1479,196.31331213254413
1480,239.6058054736738
1481,59.37827968841037
1482,95.71143744728869
1483,43.07971663541048
1484,103.85514949526589
1485,22.77804238567876
1486,88.64790481066808
1487,87.781095708475
1488,52.31484525338709
1489,-67.19889565396107
1490,71.20581621663854
1491,69.28240420309595
1492,64.51249614950524
1493,57.20552093910777
1494,228.299589761246
1495,140.30343286182847
1496,94.00597004466653
1497,85.42312238155097
1498,33.72687121452617
1499,-50.96295738358259
1500,107.30416760518528
1501,85.43445768418542
1502,72.29808753591493
1503,312.53926964780766
1504,76.96229020079096
1505,17.90710537788118
1506,11.456879242452658
1507,35.12066780322027
1508,506.2928203340729
1509,70.7268755189184
1510,-46.81056471352997
1511,41.17715712219717
1512,52.044526418569944
1513,17.618654284398758
1514,312.4652246584172
1515,23.788158764098455
1516,21.737974600760992
1517,100.05224522511162
1518,75.86328090249822
1519,60.47986774825364
1520,57.288257300412795
1521,162.37953969397074
1522,75.82192243995576
1523,85.8725954011947
1524,378.06917922319104
1525,162.88782911953803
1526,84.22005541345749
1527,145.9795926421225
1528,79.27103877738278
1529,64.91557593991502
1530,79.97098732313458
1531,106.49695559951135
1532,66.2772084646179
1533,27.971547830193742
1534,52.25501474960282
1535,99.77912891327156
1536,317.23104770953177
1537,76.93693590715236
1538,45.51961394022459
1539,87.06727797304046
1540,93.44157152810374
1541,83.53827048148179
1542,314.28909756692934
1543,76.9268418318157
1544,71.45412929289608
1545,36.41073528047917
1546,282.2504637016146
1547,78.68217481165937
1548,38.29768171052291
1549,74.31291706072267
1550,49.043702679869
1551,139.99660732603712
1552,15.38689657888176
1553,280.77645705741435
1554,263.6900679720131
1555,155.91836696675836
1556,117.43263382552158
1557,239.52442700576006
1558,150.96061183988604
1559,254.37046093199734
1560,59.42679963771167
1561,170.9620903412121
1562,57.444498562129695
1563,77.69805911927324
1564,84.40310209999177
1565,80.85816948650307
1566,139.24940950584727
1567,71.83509907056452
1568,-9.82627598406026
1569,79.34139999959967
1570,-79.4233376091691
1571,59.9664318183456
1572,50.048793966902224
1573,94.6415125474013
1574,420.36330334691644
1575,42.401138400245884
1576,269.1267299434813
1577,78.7195308509855
1578,78.25936365966328
1579,137.85973612918264
1580,89.06888995343269
1581,4.198087450268815
1582,94.98482366568874
1583,77.52713703451582
1584,98.29314172927047
1585,-98.69272348407316
1586,122.50386731544808
1587,82.35501231539934
1588,85.90537851965053
1589,6.372138207463593
1590,50.51072524264811
1591,-2.314584832746789
1592,86.36078936597227
1593,110.8049841089923
1594,113.1237316162588
1595,53.574467083397224
1596,128.74975120332914
1597,134.2122422798622
1598,90.58101063403086
1599,325.979769183512
1600,68.54728341195721
1601,11.579361169866843
1602,73.81790961695833
1603,68.64818960536974
1604,282.6604643017269
1605,52.720043961147724
1606,157.7937793396872
1607,82.32020462757492
1608,-33.24485783236673
1609,40.326027619871354
1610,50.771126822339625
1611,58.36069899747628
1612,214.46544419190764
1613,496.98649894832505
1614,252.30300374066354
1615,64.51549797339948
1616,93.46813028226171
1617,154.0730220849403
1618,61.35617540752173
1619,53.106759196108726
1620,83.88588114232817
1621,97.75963014282036
1622,82.25807540897762
1623,90.20062218113122
1624,240.32773107752922
1625,-0.1875121571815157
1626,86.87474080737036
1627,94.6415125474013
1628,116.44092133465335
1629,66.1767077921208
1630,14.412480173324695
1631,71.27904386396756
1632,10.853402800391905
1633,42.50510781863596
1634,81.1570704532873
1635,104.4554633132663
1636,157.52698687594972
1637,53.462828334786025
1638,-9.833456544795922
1639,118.84932116551266
1640,50.39587078206688
1641,42.19945488648551
1642,50.5482537682571
1643,86.53606995154848
1644,170.61785883496458
1645,72.4729168544356
1646,40.55106374787857
1647,288.0414311633709
1648,137.80073348198619
1649,76.70880514631114
1650,83.45847408916512
1651,187.480812807118
1652,80.7462405197175
1653,32.07546053952251
1654,26.724775558717283
1655,82.71785712697329
1656,54.47137372854132
1657,56.67473816549415
1658,168.00421291079851
1659,236.11395213187706
1660,55.67328299896343
1661,64.22044150031803
1662,69.6925531487231
1663,-17.396033242622877
1664,53.34782818852756
1665,57.282170197446646
1666,6.232046791143034
1667,45.828598142994394
1668,-34.97985156271159
1669,77.52380167463343
1670,68.9249617516773
1671,51.076629444639536
1672,55.19494832492239
1673,77.19145992753232
1674,56.18950364146252
1675,206.5898308950638
1676,195.83171258374938
1677,89.57609050223846
1678,4.794385876344791
1679,363.96823571392514
1680,574.2079128703942
1681,36.84319919767398
1682,148.90172958263594
1683,67.99978515172546
1684,78.15471252919713
1685,179.5314938264799
1686,50.5482537682571
1687,75.80624624850816
1688,216.27936035843692
1689,33.23490157020768
1690,105.54654965308902
1691,1399.1183722500411
1692,107.78988429742469
1693,117.43263382552158
1694,-0.5693739706424594
1695,271.7121510223902
1696,238.2962475797654
1697,402.3881096757157
1698,219.80231525622276
1699,230.82350803620085
1700,55.91019861314851
1701,42.69717432562203
1702,115.10605436798295
1703,58.7955026666657
1704,178.53138485140795
1705,-48.51526428087914
1706,-34.11280641944251
1707,324.97982562955673
1708,72.1490479177719
1709,142.22483100016063
1710,693.1072287544964
1711,77.49044809182777
1712,14.309188624830142
1713,66.23311760620692
1714,59.66543731759691
1715,47.197436082274805
1716,18.007573970747387
1717,66.58774210073187
1718,118.79390098255146
1719,66.21216894691003
1720,175.60399571020002
1721,-21.90141569735141
1722,47.23408945623879
1723,46.548641515017835
1724,117.2432176835153
1725,83.4504692254472
1726,19.606860143821507
1727,93.8421748053326
1728,54.02490555944888
1729,241.36257477768942
1730,79.92154518544203
1731,23.979308490883454
1732,275.0530033505334
1733,-29.652546233872272
1734,250.96767168618902
1735,278.6390021165102
1736,82.2969770534445
1737,248.7244279490796
1738,76.42934900534482
1739,74.20905266375951
1740,58.222503198227
1741,49.38693935788325
1742,190.57093117135219
1743,103.97073066137227
1744,79.75751494150933
1745,119.24844095838819
1746,64.96412213390386
1747,84.01862009449843
1748,50.5482537682571
1749,209.23112279220084
1750,45.418618928350156
1751,-23.01446048751768
1752,139.83743611161577
1753,78.48500475226115
1754,21.471029211165046
1755,88.57734696244967
1756,63.540331541968555
1757,257.22577404675195
1758,208.5282965260373
1759,51.08876183674357
1760,99.94089386757065
1761,100.46238128844863
1762,136.86363062981917
1763,98.5547232951804
1764,50.884267995513426
1765,80.19367466569207
1766,212.207572354371
1767,144.96437729311043
1768,68.61647230136208
1769,116.61003441665798
1770,55.77833733959881
1771,83.43045706615243
1772,34.26111741912467
1773,-0.5777123703485927
1774,36.73663057977035
1775,22.77804238567876
1776,23.77640323345662
1777,28.560681457775615
1778,302.2653860229488
1779,-3.219874534700182
1780,147.85964197645797
1781,116.2992758789714
1782,335.29982339626764
1783,311.70814846900674
1784,117.65392552514885
1785,89.8025358226393
1786,83.49216122397792
1787,895.730968943787
1788,65.14718587795022
1789,139.0600003800771
1790,50.57748669873126
1791,64.82091781474071
1792,56.761613587100385
1793,411.84164425224225
1794,145.84965564060593
1795,130.58488279674577
1796,125.00218569839308
1797,36.40087302259718
1798,60.642156420260676
1799,199.95755763781813
1800,112.4365323495245
1801,47.894338447243115
1802,21.862838019137996
1803,166.71921930992244
1804,9.447600908889228
1805,87.02383079655829
1806,48.729066918015405
1807,56.753608723382456
1808,103.14864214320176
1809,186.3537880058401
1810,59.65146356375408
1811,330.81398887355505
1812,58.587347753644906
1813,104.2088178464279
1814,515.3334671322955
1815,49.91134798886088
1816,67.47447380424188
1817,60.58129451806741
1818,112.40718118255887
1819,57.3408725313779
1820,283.5223283229854
1821,127.29999835126978
1822,22.77804238567876
1823,153.54028519499718
1824,105.4263203724567
1825,302.25037690347773
1826,55.66494459925724
1827,398.8032034336556
1828,58.17700364967118
1829,274.6741217506696
1830,-3.3941728775193383
1831,99.89378916180357
1832,121.13970934585535
1833,82.62733403816276
1834,10.589297258113845
1835,237.29898205059152
1836,55.23135025102647
1837,228.29825561729308
1838,0.5666746785894361
1839,240.4448070479596
1840,128.19803343165188
1841,35.16920633524836
1842,63.72886662271884
1843,93.97716286135835
1844,51.51088424926348
1845,54.12273631321449
1846,186.27183408397764
1847,91.83220824996062
1848,252.95064411020115
1849,70.13088670660716
1850,-37.74168911035963
1851,365.1771199327183
1852,93.98944022263862
1853,189.49823538026703
1854,116.14984976535732
1855,-24.429639521969477
1856,85.18610574923656
1857,115.10663730545826
1858,73.63794261637247
1859,118.231592947894
1860,96.9062249933275
1861,86.08781366751793
1862,104.26263384156562
1863,501.1730436294503
1864,225.04396740354645
1865,99.59168613155174
1866,93.37707495747071
1867,125.09049376051593
1868,32.135664339112225
1869,56.327631619994804
1870,47.25886217172814
1871,39.09771322207541
1872,43.51202415474006
1873,90.19895450118992
1874,77.34482498314793
1875,200.1437016429034
1876,39.293056507416
1877,76.27153419974655
1878,106.62808128050051
1879,96.54923117364257
1880,71.497488971368
1881,94.67511991878848
1882,72.02572076772071
1883,298.8303945880197
1884,87.59875396523773
1885,62.09479755562313
1886,71.80690149768594
1887,74.77114481451372
1888,337.29274254459705
1889,-26.815734179163996
1890,84.55393093613583
1891,71.88538528152714
1892,71.57613969319442
1893,59.43712673664555
1894,78.63756729173429
1895,212.7105765102038
1896,91.41437235913838
1897,143.54888861484363
1898,84.31661980898588
1899,296.8398838272712
1900,50.5482537682571
1901,151.9415286098045
1902,31.39602388500225
1903,103.77204649805498
1904,88.99866918040539
1905,41.54547189971839
1906,80.79693798993083
1907,48.39618696868274
1908,371.68662564501
1909,19.606860143821507
1910,-23.79046126910322
1911,155.50002742104408
1912,-30.588549057665887
1913,70.71011653184229
1914,107.00284268409314
1915,210.39916615711445
1916,228.2134977012774
1917,71.80549983380894
1918,115.75237167843613
1919,49.26694859758027
1920,14.061106103551936
1921,55.87349036009874
1922,97.74555763372791
1923,-56.971238881372074
1924,80.5204672478423
1925,35.45286337985567
1926,84.35149533634882
1927,55.33883207089201
1928,52.972969350188635
1929,83.53549976303788
1930,317.14505543350316
1931,32.86479470666137
1932,154.78462737944716
1933,139.61848773746726
1934,126.11196114060579
1935,5.053561434864548
1936,57.41072991128482
1937,163.52461827466084
1938,324.97982562955673
1939,78.65048890141861
1940,-17.404038106340806
1941,105.44513874211071
1942,70.54717851096513
1943,240.5517235830186
1944,240.4576633593628
1945,43.928480159519154
1946,69.30364958217967
1947,144.19689688976587
1948,49.391215616337206
1949,109.29560208302951
1950,99.17917401961728
1951,140.5854428293399
1952,44.280766670978664
1953,-55.101611067969856
1954,119.14160684985598
1955,98.9228702809466
1956,76.9702895059769
1957,25.0793128386091
1958,251.27419791939502
1959,283.30990401308776
1960,-0.4292888555793297
1961,75.85593469747022
1962,297.95923326231497
1963,59.39462295183438
1964,63.781565308861616
1965,101.09455893806756
1966,88.9976685724406
1967,78.00806490152803
1968,82.28909425588444
1969,114.10443075370694
1970,21.202591280405045
1971,116.38469339127954
1972,74.2316878808868
1973,94.588146789282
1974,73.97334951624327
1975,55.91386750901927
1976,267.38793616714446
1977,331.646941266649
1978,-30.85018206914617
1979,75.82525779983825
1980,50.90783311213738
1981,27.163334999330516
1982,190.77859652590502
1983,293.400253125641
1984,57.07379414117116
1985,35.61165509555377
1986,74.11751061075972
1987,39.33223762346768
1988,136.62631738615875
1989,69.65470750829166
1990,59.23242761065171
1991,38.2395486527077
1992,74.1185112187245
1993,81.16605058407305
1994,277.1038908759553
1995,112.08752810744153
1996,124.47392743727659
1997,67.64977180387382
1998,59.428643622635434
1999,32.126197900032594
2000,156.96253483885698
2001,180.9106635883407
2002,66.87309792494017
2003,164.18145330260853
2004,36.01953497605024
2005,139.41951285985255
2006,67.49444125420649
2007,55.267837385855785
2008,80.00385465898228
2009,38.29768171052291
2010,-82.67201066813959
2011,56.327631619994804
2012,118.2215491639426
2013,147.24129995339172
2014,80.77545912352883
2015,64.21582709714448
2016,81.57959038431869
2017,-19.463776967911883
2018,80.93212030078996
2019,115.59155591090058
2020,50.52273253822494
2021,99.70683827278242
2022,92.924642019896
2023,211.00161995454152
2024,393.1853761828565
2025,96.53766902417141
2026,232.65125517094617
2027,136.7026944883229
2028,167.05553539127965
2029,409.6188528383163
2030,149.92905181925295
2031,137.38553693485227
2032,300.556949096078
2033,81.47561182172802
2034,135.86589449522046
2035,73.48147588070191
2036,94.28888592536282
2037,63.781565308861616
2038,56.17978717001449
2039,77.33548597547707
2040,50.593359536784874
2041,107.78988429742469
2042,46.73771169218304
2043,154.89171524358966
2044,132.75868978459624
2045,114.02043636303478
2046,97.32771136527214
2047,278.33948414057414
2048,131.99626032841934
2049,94.6415125474013
2050,110.57155401659475
2051,93.23403215805962
2052,174.4632885270089
2053,45.30332450631391
2054,50.95681155988484
2055,174.165559514432
2056,173.45912086554472
2057,87.04633934639145
2058,77.66734951215795
2059,266.014626779142
2060,101.49802104420553
2061,-0.5210112523468524
2062,109.5972927364378
2063,-41.049854205468364
2064,97.16024293082472
2065,-140.57752440131446
2066,119.79930317577293
2067,120.8953719540271
2068,301.41864668881175
2069,47.84660620992065
2070,569.8794673747946
2071,283.94025500599565
2072,107.2102439585704
2073,84.9947014461406
2074,44.753780684259084
2075,52.675928114697
2076,46.825064489901024
2077,167.33720176598604
2078,42.47820347951517
2079,121.48684285799214
2080,74.09972922805213
2081,-0.5847610377717274
2082,85.06413769588522
2083,88.25784718791306
2084,52.5425748347069
2085,49.56273756962497
2086,790.4883188981994
2087,183.4791950921965
2088,91.14092449099007
2089,69.65470750829166
2090,-2.2546065576362935
2091,-17.999996119399952
2092,425.2192862446637
2093,-15.705247963124236
2094,191.61602201519776
2095,42.69717432562203
2096,226.91512661640485
2097,176.78726699125133
2098,77.78338930330995
2099,76.90858534815152
2100,72.73217601270767
2101,196.90929992438078
2102,220.10281032872308
2103,438.8756239785029
2104,73.33180809977819
2105,-71.35895965174333
2106,43.11307023423501
2107,139.32385378848574
2108,82.31987109158666
2109,281.91529942115363
2110,101.32622384203216
2111,146.1191623273986
2112,324.13566696133415
2113,92.17038323305286
2114,13.08754040730804
2115,59.00797562554453
2116,56.33815703062743
2117,110.55454368119422
2118,114.08870971277253
2119,82.30543751930844
2120,68.46029359279066
2121,16.107994457359837
2122,86.0769236643576
2123,82.2969770534445
2124,2.242871609412532
2125,116.99518798104168
2126,101.2702868904367
2127,337.8570695841991
2128,-16.153981650984235
2129,93.08808025162944
2130,50.78358586637688
2131,73.40142724352296
2132,61.97928469755732
2133,318.61134334948196
2134,107.12627904372198
2135,72.03831013861475
2136,90.39132959923938
2137,155.57030471679286
2138,1220.84712989713
2139,140.89499452051354
2140,198.4233286219714
2141,46.73909717866064
2142,93.14364390524514
2143,143.78765966808834
2144,256.44046253071286
2145,85.43502749437954
2146,190.5076456819179
2147,120.09048208439145
2148,51.490472005895754
2149,118.85098884545386
2150,92.33202824290532
2151,147.08384441418377
2152,182.01077128321748
2153,76.99063520125992
2154,114.96575186483875
2155,74.7687237266627
2156,-12.885076657184925
2157,137.71503897467835
2158,46.80004929078268
2159,1.533540874262485
2160,82.41000918795532
2161,316.746806721735
2162,69.65470750829166
2163,54.70956212000556
2164,232.08041752500668
2165,145.39588434123095
2166,143.61385991820032
2167,80.87006722186811
2168,307.3119892052035
2169,53.04016214604343
2170,38.33103530934744
2171,48.406137577425454
2172,68.978622388914
2173,234.24166077643952
2174,63.474381111320554
2175,-22.131332736991794
2176,152.88271921524318
2177,237.86692469137557
2178,67.56519559304473
2179,109.60129516829682
2180,66.01691443159359
2181,67.58020471251581
2182,108.66316637094843
2183,150.81306145057215
2184,112.45320914893676
2185,83.75988527409669
2186,1001.2220258145373
2187,127.61796542792928
2188,109.4867557203516
2189,44.079261549728415
2190,98.77499730543497
2191,263.21960776532336
2192,103.46088189856289
2193,-64.11423764894602
2194,117.24221707555051
2195,50.85372727512299
2196,59.544268059584795
2197,49.97975201733533
2198,135.4321764429664
2199,117.43196675354505
2200,67.15379336275186
2201,45.65576963034738
2202,23.94595489205892
2203,72.2966349585987
2204,92.46148967793044
2205,194.4474602997367
2206,67.84573970632027
2207,60.58324333584051
2208,42.41535516689703
2209,20.11480813614139
2210,127.2751437702293
2211,362.6840026044427
2212,30.170839908796438
2213,55.11854978646778
2214,76.79792518359466
2215,265.5668877357202
2216,80.419797321158
2217,173.60462319385272
2218,55.094891668232265
2219,114.93977854151069
2220,345.6032738750528
2221,54.44601557110451
2222,212.1833414907784
2223,87.69077420134636
2224,18.583099660183393
2225,83.95660264991625
2226,97.91687633723933
2227,208.27295343864046
2228,194.19688321340846
2229,243.85707349479702
2230,165.72093688218132
2231,139.6900180981251
2232,86.49177709355314
2233,62.940837786293
2234,113.71998149078519
2235,77.12100267328952
2236,181.70199358468386
2237,38.160523038269275
2238,-31.50165319892693
2239,-16.706621531702694
2240,278.8622110162127
2241,86.98227229257947
2242,110.70430133991658
2243,43.09603583961331
2244,-5.8647879655334805
2245,5.168713718703543
2246,82.80156486413023
2247,-14.250070124770275
2248,106.75491946740703
2249,322.1698647947242
2250,78.00233801619248
2251,60.96631135063984
2252,168.03367182075561
2253,9.856009895129148
2254,43.0680428758219
2255,73.34972916534485
2256,-7.821571788840288
2257,247.02562379045975
2258,148.53767362177757
2259,90.51217696157528
2260,78.03560611092496
2261,99.93179137147621
2262,311.8158023365258
2263,93.45078641087304
2264,72.31893399053604
2265,163.0986764124807
2266,-22.129665057050545
2267,61.814204541447225
2268,71.85486316006921
2269,113.8141655072817
2270,101.04338571404435
2271,-36.16814658053346
2272,86.8579029539905
2273,81.14039365387504
2274,55.88757908353722
2275,92.39315414089577
2276,50.5482537682571
2277,82.25874248095403
2278,310.42205853985223
2279,90.435822462018
2280,242.79289319432786
2281,55.22281002744256
2282,82.38677522124715
2283,87.2496434550788
2284,199.68095450272727
2285,135.3633061043413
2286,37.49304196181964
2287,-59.49994858592106
2288,71.51183101886255
2289,47.02961718612278
2290,82.87768191757561
2291,93.2270312325906
2292,195.91315143514095
2293,139.232732706435
2294,183.52650177767043
2295,113.76818661482025
2296,77.53647604624553
2297,83.37642423605661
2298,48.257857669787086
2299,104.15061062360036
2300,217.77346200681615
2301,277.7376092536221
2302,38.538110935804525
2303,177.07311448394012
2304,-87.57975683674562
2305,213.31703297331683
2306,308.7113374794946
2307,258.7306661588861
2308,83.45771308025445
2309,107.72896943779119
2310,111.25821809375873
2311,50.3965378540434
2312,63.33097681190594
2313,60.586578695723006
2314,84.47814769734714
2315,59.48167410222891
2316,16.996670015048835
2317,43.80697593055788
2318,53.877828719152035
2319,-1.428733500427711
2320,56.83499150451445
2321,178.36043590949168
2322,31.978196625647627
2323,59.392621735904925
2324,94.332293658823
2325,79.76085030139171
2326,3.1709739134367965
2327,77.00234303131697
2328,267.0565929888525
2329,114.47425121729964
2330,94.09890349706802
2331,805.3488417426292
2332,-50.64700559520844
2333,73.21618139024554
2334,106.79286375903723
2335,77.23567880417795
2336,222.89897582322186
2337,273.85926211133955
2338,113.3658184946571
2339,88.25314903715861
2340,55.60239692317367
2341,144.98647145282496
2342,-7.488352182863082
2343,75.68570315277464
2344,78.30994654517855
2345,64.90422666909029
2346,111.35320483051169
2347,-6.432698854207445
2348,132.22038181529763
2349,242.24401401140386
2350,117.54859369077343
2351,264.0786230387118
2352,62.21273777879287
2353,62.21273777879287
2354,44.32194348766467
2355,55.27450810562067
2356,139.29597137112466
2357,298.21572243727593
2358,76.53050080062422
2359,45.707256762651525
2360,102.81776254687776
2361,117.45834839593368
2362,57.46098956654498
2363,448.70450760040313
2364,250.0941166100883
2365,50.48904540341215
2366,82.86593730986158
2367,159.40620949677634
2368,91.39302605589069
2369,276.8448398935131
2370,46.02991970575505
2371,230.371566772128
2372,-9.628579679825236
2373,283.06359113756724
2374,110.78997498952123
2375,52.07991212674193
2376,67.01590254201261
2377,151.6493004722193
2378,60.148856064357005
2379,112.07411086450395
2380,266.7547859445646
2381,52.908630886049934
2382,81.06534805651978
2383,89.40476538775619
2384,196.89997792597177
2385,82.2737516004251
2386,82.75263911347002
2387,150.5067373169971
2388,97.31579153347508
2389,193.1986718569903
2390,94.99321870799969
2391,111.85830615112718
2392,148.61171861116804
2393,43.70627743576074
2394,171.593169393373
2395,92.98719851693403
2396,231.97265461821655
2397,35.230151899119335
2398,59.37827968841037
2399,37.035012550010094
2400,79.95097516383981
2401,190.52741764369807
2402,84.22005541345749
2403,73.13353114779471
2404,120.98765772087734
2405,194.66277451216416
2406,71.91781842530435
2407,118.73199135462602
2408,66.19936345273175
2409,105.31088237051006
2410,68.54166918526744
2411,859.6173039888463
2412,78.17017606127934
2413,73.63536578011264
2414,52.19499812214457
2415,89.10411807109563
2416,68.91084779853423
2417,161.6758111869196
2418,53.37874174610215
2419,143.99153436556088
2420,-41.77863550447893
2421,50.03102121128393
2422,118.43619852856011
2423,160.11971525688745
2424,80.1028823085922
2425,109.55513059794197
2426,-18.143320581240573
2427,60.500424068217
2428,67.67377823908896
2429,151.6493004722193
2430,424.75146574702256
2431,59.744570355352664
2432,51.542570168146824
2433,498.5682834100873
2434,77.3382484644701
2435,-21.02063826479349
2436,338.5011460885025
2437,61.606051015396645
2438,67.97955215141883
2439,542.2760192504966
2440,51.857431256719906
2441,19.870359219688623
2442,100.66436530158495
2443,70.83011410908074
2444,76.96695414609451
2445,78.71552841912649
2446,179.6472308144011
2447,44.33695260713574
2448,226.67402234764228
2449,106.60973680114694
2450,68.6398736204394
2451,68.36282809072327
2452,-24.011948335486807
2453,77.02002043869402
2454,125.42724374558361
2455,73.80922871024057
2456,30.071824798416117
2457,94.14084491393538
2458,112.85323293066688
2459,44.042702289251224
2460,101.03084662086718
2461,121.79916226917209
2462,61.663596383046354
2463,588.5810837533813
2464,93.24254726046973
2465,81.2892358218424
2466,53.97861369671779
2467,56.075977714588475
2468,117.45134414018054
2469,106.41922511794178
2470,260.9647123040998
2471,93.43644436337837
2472,81.16605058407305
2473,213.1950412652265
2474,94.6415125474013
2475,54.292128844251124
2476,541.6372196325285
2477,112.50490155425439
2478,275.04393860133774
2479,58.264514025732126
2480,14.137213416715383
2481,52.02484779526344
2482,2.123495566993256
2483,69.0914510997448
2484,97.75963014282036
2485,174.65052725550174
2486,105.73958480261933
2487,29.11775387462336
2488,116.03978288923633
2489,142.20605266692462
2490,131.91143039519528
2491,36.378610487118465
2492,71.21074985727836
2493,86.9959472680975
2494,118.08060051969306
2495,82.9914375099537
2496,59.795011388288856
2497,101.36570250264202
2498,82.18633665956821
2499,-4.778057018246841
2500,98.71030571118854
2501,42.529987748067924
2502,-16.32460841719984
2503,111.99703159259866
2504,58.330722119471545
2505,85.66862049204553
2506,42.55155993587283
2507,46.242948265936604
2508,76.89190854873925
2509,87.24199147898031
2510,-14.765534934789116
2511,309.4875450082997
2512,247.6933996492765
2513,59.419867150348296
2514,188.7098616909193
2515,305.0617363046601
2516,95.42668213341386
2517,56.314290180465036
2518,123.69933300523883
2519,41.40311389656159
2520,39.84509697419844
2521,65.1994234790709
2522,82.74431639852656
2523,34.0155155052239
2524,369.86036099307415
2525,96.63470274620852
2526,112.30091533651103
2527,45.58229718597971
2528,87.30335817945138
2529,74.04179794142794
2530,93.27763142903115
2531,13.577896795990057
2532,103.52758909621207
2533,110.91904062009735
2534,308.06710574826747
2535,56.15836167755293
2536,112.84267383476521
2537,-32.890409841365056
2538,68.94874587794004
2539,59.61571317249508
2540,-2.861940970305227
2541,536.9359583285636
2542,242.1149366187065
2543,114.66039782676597
2544,654.9707570845912
2545,104.36502938995704
2546,67.20505700017344
2547,72.97187784319527
2548,-10.745652396388834
2549,156.41800653564172
2550,52.063204433911665
2551,71.08801631801049
2552,338.5011460885025
2553,49.8828028130165
2554,110.65126911778555
2555,18.35777317016357
2556,42.21253342159696
2557,272.2385782259293
2558,96.73383897459286
2559,168.49226906087978
2560,20.458519159179673
2561,84.24249035708766
2562,83.95326729003386
2563,281.5209422578794
2564,52.20010072684346
2565,282.3382849851146
2566,62.259432817147285
2567,81.99748613118794
2568,-2.212914559105627
2569,96.81608272101266
2570,241.77041335248322
2571,52.063204433911665
2572,80.8530166649121
2573,169.77491627261372
2574,90.58101063403086
2575,157.82591684408504
2576,118.21849671506328
2577,267.16509721676044
2578,77.20140450820242
2579,116.0497889688836
2580,95.11733672087087
2581,58.32238371976547
2582,127.7065452882249
2583,109.8675072526957
2584,109.8585835693292
2585,77.939584703619
2586,55.81053227025251
2587,86.6868988979495
2588,64.48115367783544
2589,116.00552549351454
2590,232.40369885855768
2591,293.80475352687193
2592,82.39958619277735
2593,94.02134063876093
2594,102.15872918122392
2595,243.75403753012546
2596,86.78748544759554
2597,55.99155041324161
2598,76.44833662077247
2599,55.239317658583445
2600,51.116987299217215
2601,77.0036771752699
2602,42.12447992070014
2603,43.100038271472215
2604,154.10599377548237
2605,119.49836528974231
2606,41.0248041917921
2607,74.28902139012479
2608,50.79478293967787
2609,78.39727353838742
2610,64.60391391636148
2611,48.822617667378495
2612,268.21858724379507
2613,148.63156543215695
2614,129.37788556267986
2615,55.689959798375696
2616,65.10516034343124
2617,21.653896409273102
2618,50.5482537682571
2619,239.07090132374861
2620,-36.70519207986041
2621,305.05024930116446
2622,49.62709543112021
2623,142.18603568046285
2624,88.52905817358698
2625,295.356127850007
2626,101.84658336379528
2627,55.06328825010024
2628,14.715358018738641
2629,112.51320494449152
2630,69.442034519439
2631,56.52911303121584
2632,49.163471824959174
2633,106.60973680114694
2634,151.07627621680723
2635,183.17454765713524
2636,46.496775547736775
2637,269.03377598477954
2638,204.0815949214395
2639,65.31865341451919
2640,103.36309875005054
2641,67.56853095292723
2642,59.29287746559572
2643,263.4542439339321
2644,396.79695006659193
2645,85.46548145205821
2646,78.69885161971422
2647,205.64285791421838
2648,52.04752824246418
2649,-28.683017629676726
2650,283.0216658901788
2651,82.55060289486738
2652,119.24645717907077
2653,116.3850269272678
2654,62.786535244713946
2655,325.0362195788586
2656,72.91651086914652
2657,50.39086774224319
2658,117.43263382552158
2659,243.89886916496556
2660,330.93562602301853
2661,53.54900457159499
2662,228.55893356867824
2663,21.41589120462146
